Type	Number of Occurrences	Overall Percentage
Matched	331755033	91.33049275721639%
Hopped	707740	0.19483726398807136%
Unknown	30783962	8.474669978795541%